<?xml version="1.0" encoding="UTF-8"?>
<metadata xml:lang="en"><Esri><CreaDate>20200523</CreaDate><CreaTime>09262100</CreaTime><ArcGISFormat>1.0</ArcGISFormat><SyncOnce>FALSE</SyncOnce><DataProperties><itemProps><itemName Sync="TRUE">dep_brd_locs_merged</itemName><imsContentType Sync="TRUE">002</imsContentType><itemSize Sync="TRUE">0.000</itemSize><itemLocation><linkage Sync="TRUE">file://\\DESKTOP-UHSH90T\B$\WofElugin\May2020\Sample_data\dep_brd_locs_merged</linkage><protocol Sync="TRUE">Local Area Network</protocol></itemLocation></itemProps><coordRef><type Sync="TRUE">Projected</type><geogcsn Sync="TRUE">GCS_EUREF_FIN</geogcsn><csUnits Sync="TRUE">Linear Unit: Meter (1.000000)</csUnits><projcsn Sync="TRUE">EUREF_FIN_TM35FIN</projcsn><peXml Sync="TRUE">&lt;ProjectedCoordinateSystem xsi:type='typens:ProjectedCoordinateSystem' xmlns:xsi='http://www.w3.org/2001/XMLSchema-instance' xmlns:xs='http://www.w3.org/2001/XMLSchema' xmlns:typens='http://www.esri.com/schemas/ArcGIS/10.5'&gt;&lt;WKT&gt;PROJCS[&amp;quot;EUREF_FIN_TM35FIN&amp;quot;,GEOGCS[&amp;quot;GCS_EUREF_FIN&amp;quot;,DATUM[&amp;quot;D_ETRS_1989&amp;quot;,SPHEROID[&amp;quot;GRS_1980&amp;quot;,6378137.0,298.257222101]],PRIMEM[&amp;quot;Greenwich&amp;quot;,0.0],UNIT[&amp;quot;Degree&amp;quot;,0.0174532925199433]],PROJECTION[&amp;quot;Transverse_Mercator&amp;quot;],PARAMETER[&amp;quot;False_Easting&amp;quot;,500000.0],PARAMETER[&amp;quot;False_Northing&amp;quot;,0.0],PARAMETER[&amp;quot;Central_Meridian&amp;quot;,27.0],PARAMETER[&amp;quot;Scale_Factor&amp;quot;,0.9996],PARAMETER[&amp;quot;Latitude_Of_Origin&amp;quot;,0.0],UNIT[&amp;quot;Meter&amp;quot;,1.0],AUTHORITY[&amp;quot;EPSG&amp;quot;,3067]]&lt;/WKT&gt;&lt;XOrigin&gt;-5120900&lt;/XOrigin&gt;&lt;YOrigin&gt;-9998100&lt;/YOrigin&gt;&lt;XYScale&gt;450445547.3910538&lt;/XYScale&gt;&lt;ZOrigin&gt;-100000&lt;/ZOrigin&gt;&lt;ZScale&gt;10000&lt;/ZScale&gt;&lt;MOrigin&gt;-100000&lt;/MOrigin&gt;&lt;MScale&gt;10000&lt;/MScale&gt;&lt;XYTolerance&gt;0.001&lt;/XYTolerance&gt;&lt;ZTolerance&gt;0.001&lt;/ZTolerance&gt;&lt;MTolerance&gt;0.001&lt;/MTolerance&gt;&lt;HighPrecision&gt;true&lt;/HighPrecision&gt;&lt;WKID&gt;102139&lt;/WKID&gt;&lt;LatestWKID&gt;3067&lt;/LatestWKID&gt;&lt;/ProjectedCoordinateSystem&gt;</peXml></coordRef><lineage><Process ToolSource="c:\program files (x86)\arcgis\desktop10.5\ArcToolbox\Toolboxes\Analysis Tools.tbx\Select" Date="20200522" Time="001058">Select brd_analysis_Clip_Ni B:\WofElugin\case_stdy\BC\bdr_Ni_grtr_eq2000ppm.shp ""CONTENT" &gt;=1000"</Process><Process ToolSource="c:\program files (x86)\arcgis\desktop10.5\ArcToolbox\Toolboxes\Data Management Tools.tbx\Merge" Date="20200522" Time="001346">Merge bdr_Ni_grtr_eq2000ppm;Mnrl_dep_Ni1_clip B:\WofElugin\case_stdy\BC\dep_brd_locs_merged.shp "FID_ "FID_" true true false 10 Long 0 10 ,First,#,bdr_Ni_grtr_eq2000ppm,FID_,-1,-1;OBJECTID "OBJECTID" true true false 10 Long 0 10 ,First,#,bdr_Ni_grtr_eq2000ppm,OBJECTID,-1,-1,Mnrl_dep_Ni1_clip,OBJECTID,-1,-1;HOLE_ID "HOLE_ID" true true false 20 Text 0 0 ,First,#,bdr_Ni_grtr_eq2000ppm,HOLE_ID,-1,-1;SAMPLE_ID "SAMPLE_ID" true true false 30 Text 0 0 ,First,#,bdr_Ni_grtr_eq2000ppm,SAMPLE_ID,-1,-1;START_DEPT "START_DEPT" true true false 19 Double 0 0 ,First,#,bdr_Ni_grtr_eq2000ppm,START_DEPT,-1,-1;END_DEPTH "END_DEPTH" true true false 19 Double 0 0 ,First,#,bdr_Ni_grtr_eq2000ppm,END_DEPTH,-1,-1;ELEMENT "ELEMENT" true true false 10 Text 0 0 ,First,#,bdr_Ni_grtr_eq2000ppm,ELEMENT,-1,-1;CONTENT "CONTENT" true true false 19 Double 0 0 ,First,#,bdr_Ni_grtr_eq2000ppm,CONTENT,-1,-1;UNIT "UNIT" true true false 10 Text 0 0 ,First,#,bdr_Ni_grtr_eq2000ppm,UNIT,-1,-1;QUALITY_CO "QUALITY_CO" true true false 10 Text 0 0 ,First,#,bdr_Ni_grtr_eq2000ppm,QUALITY_CO,-1,-1;AN_METHOD "AN_METHOD" true true false 20 Text 0 0 ,First,#,bdr_Ni_grtr_eq2000ppm,AN_METHOD,-1,-1;METHOD_DES "METHOD_DES" true true false 60 Text 0 0 ,First,#,bdr_Ni_grtr_eq2000ppm,METHOD_DES,-1,-1;METHOD_D_1 "METHOD_D_1" true true false 60 Text 0 0 ,First,#,bdr_Ni_grtr_eq2000ppm,METHOD_D_1,-1,-1;LABORATORY "LABORATORY" true true false 20 Text 0 0 ,First,#,bdr_Ni_grtr_eq2000ppm,LABORATORY,-1,-1;ORDER_ID "ORDER_ID" true true false 10 Text 0 0 ,First,#,bdr_Ni_grtr_eq2000ppm,ORDER_ID,-1,-1;ANALYSIS_I "ANALYSIS_I" true true false 20 Text 0 0 ,First,#,bdr_Ni_grtr_eq2000ppm,ANALYSIS_I,-1,-1;REPORT_DAT "REPORT_DAT" true true false 8 Date 0 0 ,First,#,bdr_Ni_grtr_eq2000ppm,REPORT_DAT,-1,-1;ORGANISATI "ORGANISATI" true true false 50 Text 0 0 ,First,#,bdr_Ni_grtr_eq2000ppm,ORGANISATI,-1,-1;NORTHING "NORTHING" true true false 19 Double 0 0 ,First,#,bdr_Ni_grtr_eq2000ppm,NORTHING,-1,-1;EASTING "EASTING" true true false 19 Double 0 0 ,First,#,bdr_Ni_grtr_eq2000ppm,EASTING,-1,-1;ID "ID" true true false 20 Text 0 0 ,First,#,Mnrl_dep_Ni1_clip,ID,-1,-1;Name "Name" true true false 50 Text 0 0 ,First,#,Mnrl_dep_Ni1_clip,Name,-1,-1;Alternativ "Alternativ" true true false 120 Text 0 0 ,First,#,Mnrl_dep_Ni1_clip,Alternativ,-1,-1;Easting_EU "Easting_EU" true true false 19 Double 0 0 ,First,#,Mnrl_dep_Ni1_clip,Easting_EU,-1,-1;Northing_E "Northing_E" true true false 19 Double 0 0 ,First,#,Mnrl_dep_Ni1_clip,Northing_E,-1,-1;Easting_YK "Easting_YK" true true false 19 Double 0 0 ,First,#,Mnrl_dep_Ni1_clip,Easting_YK,-1,-1;Northing_Y "Northing_Y" true true false 19 Double 0 0 ,First,#,Mnrl_dep_Ni1_clip,Northing_Y,-1,-1;Commodity "Commodity" true true false 50 Text 0 0 ,First,#,Mnrl_dep_Ni1_clip,Commodity,-1,-1;Size_by_co "Size_by_co" true true false 30 Text 0 0 ,First,#,Mnrl_dep_Ni1_clip,Size_by_co,-1,-1;All_main_c "All_main_c" true true false 50 Text 0 0 ,First,#,Mnrl_dep_Ni1_clip,All_main_c,-1,-1;Other_comm "Other_comm" true true false 50 Text 0 0 ,First,#,Mnrl_dep_Ni1_clip,Other_comm,-1,-1;Ocurrence_ "Ocurrence_" true true false 30 Text 0 0 ,First,#,Mnrl_dep_Ni1_clip,Ocurrence_,-1,-1;Mine_statu "Mine_statu" true true false 50 Text 0 0 ,First,#,Mnrl_dep_Ni1_clip,Mine_statu,-1,-1;Discovery_ "Discovery_" true true false 10 Long 0 10 ,First,#,Mnrl_dep_Ni1_clip,Discovery_,-1,-1;Commodity_ "Commodity_" true true false 150 Text 0 0 ,First,#,Mnrl_dep_Ni1_clip,Commodity_,-1,-1;Resources_ "Resources_" true true false 150 Text 0 0 ,First,#,Mnrl_dep_Ni1_clip,Resources_,-1,-1;Reserves_t "Reserves_t" true true false 100 Text 0 0 ,First,#,Mnrl_dep_Ni1_clip,Reserves_t,-1,-1;Calc_metho "Calc_metho" true true false 50 Text 0 0 ,First,#,Mnrl_dep_Ni1_clip,Calc_metho,-1,-1;Calc_year "Calc_year" true true false 10 Text 0 0 ,First,#,Mnrl_dep_Ni1_clip,Calc_year,-1,-1;Current_ho "Current_ho" true true false 60 Text 0 0 ,First,#,Mnrl_dep_Ni1_clip,Current_ho,-1,-1;Province "Province" true true false 50 Text 0 0 ,First,#,Mnrl_dep_Ni1_clip,Province,-1,-1;District "District" true true false 50 Text 0 0 ,First,#,Mnrl_dep_Ni1_clip,District,-1,-1;Deposit_ty "Deposit_ty" true true false 100 Text 0 0 ,First,#,Mnrl_dep_Ni1_clip,Deposit_ty,-1,-1;Host_rocks "Host_rocks" true true false 200 Text 0 0 ,First,#,Mnrl_dep_Ni1_clip,Host_rocks,-1,-1;Wall_rocks "Wall_rocks" true true false 200 Text 0 0 ,First,#,Mnrl_dep_Ni1_clip,Wall_rocks,-1,-1;Deposit_sh "Deposit_sh" true true false 50 Text 0 0 ,First,#,Mnrl_dep_Ni1_clip,Deposit_sh,-1,-1;Dip_azim "Dip_azim" true true false 10 Long 0 10 ,First,#,Mnrl_dep_Ni1_clip,Dip_azim,-1,-1;Dip "Dip" true true false 10 Long 0 10 ,First,#,Mnrl_dep_Ni1_clip,Dip,-1,-1;Plunge_azi "Plunge_azi" true true false 10 Long 0 10 ,First,#,Mnrl_dep_Ni1_clip,Plunge_azi,-1,-1;Plunge_dip "Plunge_dip" true true false 10 Long 0 10 ,First,#,Mnrl_dep_Ni1_clip,Plunge_dip,-1,-1;Length_m "Length_m" true true false 10 Long 0 10 ,First,#,Mnrl_dep_Ni1_clip,Length_m,-1,-1;Width_m "Width_m" true true false 10 Long 0 10 ,First,#,Mnrl_dep_Ni1_clip,Width_m,-1,-1;Thickness_ "Thickness_" true true false 10 Long 0 10 ,First,#,Mnrl_dep_Ni1_clip,Thickness_,-1,-1;Depth_m "Depth_m" true true false 10 Long 0 10 ,First,#,Mnrl_dep_Ni1_clip,Depth_m,-1,-1;Date_updat "Date_updat" true true false 8 Date 0 0 ,First,#,Mnrl_dep_Ni1_clip,Date_updat,-1,-1"</Process><Process ToolSource="c:\program files (x86)\arcgis\desktop10.5\ArcToolbox\Toolboxes\Data Management Tools.tbx\CalculateField" Date="20200522" Time="164655">CalculateField dep_brd_locs_merged Dep_ID 1
 VB #</Process></lineage><copyHistory><copy source="B:\WofElugin\tst_dt\dep_brd_locs_merged" dest="\\DESKTOP-UHSH90T\B$\WofElugin\May2020\Sample_data\dep_brd_locs_merged" date="20200523" time="09262100"></copy></copyHistory></DataProperties><SyncDate>20200522</SyncDate><SyncTime>00133200</SyncTime><ModDate>20200522</ModDate><ModTime>00133200</ModTime></Esri><dataIdInfo><envirDesc Sync="TRUE"> Version 6.2 (Build 9200) ; Esri ArcGIS 10.5.0.6491</envirDesc><dataLang><languageCode value="eng" Sync="TRUE"></languageCode><countryCode value="IND" Sync="TRUE"></countryCode></dataLang><idCitation><resTitle Sync="TRUE">dep_brd_locs_merged</resTitle><presForm><PresFormCd value="005" Sync="TRUE"></PresFormCd></presForm></idCitation><spatRpType><SpatRepTypCd value="001" Sync="TRUE"></SpatRepTypCd></spatRpType></dataIdInfo><mdLang><languageCode value="eng" Sync="TRUE"></languageCode><countryCode value="IND" Sync="TRUE"></countryCode></mdLang><mdChar><CharSetCd value="004" Sync="TRUE"></CharSetCd></mdChar><distInfo><distFormat><formatName Sync="TRUE">Shapefile</formatName></distFormat><distTranOps><transSize Sync="TRUE">0.000</transSize></distTranOps></distInfo><mdHrLv><ScopeCd value="005" Sync="TRUE"></ScopeCd></mdHrLv><mdHrLvName Sync="TRUE">dataset</mdHrLvName><refSysInfo><RefSystem><refSysID><identCode code="3067" Sync="TRUE"></identCode><idCodeSpace Sync="TRUE">EPSG</idCodeSpace><idVersion Sync="TRUE">8.1(9.2.0)</idVersion></refSysID></RefSystem></refSysInfo><spatRepInfo><VectSpatRep><geometObjs Name="dep_brd_locs_merged"><geoObjTyp><GeoObjTypCd value="004" Sync="TRUE"></GeoObjTypCd></geoObjTyp><geoObjCnt Sync="TRUE">0</geoObjCnt></geometObjs><topLvl><TopoLevCd value="001" Sync="TRUE"></TopoLevCd></topLvl></VectSpatRep></spatRepInfo><spdoinfo><ptvctinf><esriterm Name="dep_brd_locs_merged"><efeatyp Sync="TRUE">Simple</efeatyp><efeageom code="1" Sync="TRUE"></efeageom><esritopo Sync="TRUE">FALSE</esritopo><efeacnt Sync="TRUE">0</efeacnt><spindex Sync="TRUE">FALSE</spindex><linrefer Sync="TRUE">FALSE</linrefer></esriterm></ptvctinf></spdoinfo><eainfo><detailed Name="dep_brd_locs_merged"><enttyp><enttypl Sync="TRUE">dep_brd_locs_merged</enttypl><enttypt Sync="TRUE">Feature Class</enttypt><enttypc Sync="TRUE">0</enttypc></enttyp><attr><attrlabl Sync="TRUE">FID</attrlabl><attalias Sync="TRUE">FID</attalias><attrtype Sync="TRUE">OID</attrtype><attwidth Sync="TRUE">4</attwidth><atprecis Sync="TRUE">0</atprecis><attscale Sync="TRUE">0</attscale><attrdef Sync="TRUE">Internal feature number.</attrdef><attrdefs Sync="TRUE">Esri</attrdefs><attrdomv><udom Sync="TRUE">Sequential unique whole numbers that are automatically generated.</udom></attrdomv></attr><attr><attrlabl Sync="TRUE">Shape</attrlabl><attalias Sync="TRUE">Shape</attalias><attrtype Sync="TRUE">Geometry</attrtype><attwidth Sync="TRUE">0</attwidth><atprecis Sync="TRUE">0</atprecis><attscale Sync="TRUE">0</attscale><attrdef Sync="TRUE">Feature geometry.</attrdef><attrdefs Sync="TRUE">Esri</attrdefs><attrdomv><udom Sync="TRUE">Coordinates defining the features.</udom></attrdomv></attr><attr><attrlabl Sync="TRUE">FID_</attrlabl><attalias Sync="TRUE">FID_</attalias><attrtype Sync="TRUE">Integer</attrtype><attwidth Sync="TRUE">10</attwidth><atprecis Sync="TRUE">10</atprecis><attscale Sync="TRUE">0</attscale></attr><attr><attrlabl Sync="TRUE">OBJECTID</attrlabl><attalias Sync="TRUE">OBJECTID</attalias><attrtype Sync="TRUE">Integer</attrtype><attwidth Sync="TRUE">10</attwidth><atprecis Sync="TRUE">10</atprecis><attscale Sync="TRUE">0</attscale></attr><attr><attrlabl Sync="TRUE">HOLE_ID</attrlabl><attalias Sync="TRUE">HOLE_ID</attalias><attrtype Sync="TRUE">String</attrtype><attwidth Sync="TRUE">20</attwidth><atprecis Sync="TRUE">0</atprecis><attscale Sync="TRUE">0</attscale></attr><attr><attrlabl Sync="TRUE">SAMPLE_ID</attrlabl><attalias Sync="TRUE">SAMPLE_ID</attalias><attrtype Sync="TRUE">String</attrtype><attwidth Sync="TRUE">30</attwidth><atprecis Sync="TRUE">0</atprecis><attscale Sync="TRUE">0</attscale></attr><attr><attrlabl Sync="TRUE">START_DEPT</attrlabl><attalias Sync="TRUE">START_DEPT</attalias><attrtype Sync="TRUE">Double</attrtype><attwidth Sync="TRUE">19</attwidth><atprecis Sync="TRUE">0</atprecis><attscale Sync="TRUE">0</attscale></attr><attr><attrlabl Sync="TRUE">END_DEPTH</attrlabl><attalias Sync="TRUE">END_DEPTH</attalias><attrtype Sync="TRUE">Double</attrtype><attwidth Sync="TRUE">19</attwidth><atprecis Sync="TRUE">0</atprecis><attscale Sync="TRUE">0</attscale></attr><attr><attrlabl Sync="TRUE">ELEMENT</attrlabl><attalias Sync="TRUE">ELEMENT</attalias><attrtype Sync="TRUE">String</attrtype><attwidth Sync="TRUE">10</attwidth><atprecis Sync="TRUE">0</atprecis><attscale Sync="TRUE">0</attscale></attr><attr><attrlabl Sync="TRUE">CONTENT</attrlabl><attalias Sync="TRUE">CONTENT</attalias><attrtype Sync="TRUE">Double</attrtype><attwidth Sync="TRUE">19</attwidth><atprecis Sync="TRUE">0</atprecis><attscale Sync="TRUE">0</attscale></attr><attr><attrlabl Sync="TRUE">UNIT</attrlabl><attalias Sync="TRUE">UNIT</attalias><attrtype Sync="TRUE">String</attrtype><attwidth Sync="TRUE">10</attwidth><atprecis Sync="TRUE">0</atprecis><attscale Sync="TRUE">0</attscale></attr><attr><attrlabl Sync="TRUE">QUALITY_CO</attrlabl><attalias Sync="TRUE">QUALITY_CO</attalias><attrtype Sync="TRUE">String</attrtype><attwidth Sync="TRUE">10</attwidth><atprecis Sync="TRUE">0</atprecis><attscale Sync="TRUE">0</attscale></attr><attr><attrlabl Sync="TRUE">AN_METHOD</attrlabl><attalias Sync="TRUE">AN_METHOD</attalias><attrtype Sync="TRUE">String</attrtype><attwidth Sync="TRUE">20</attwidth><atprecis Sync="TRUE">0</atprecis><attscale Sync="TRUE">0</attscale></attr><attr><attrlabl Sync="TRUE">METHOD_DES</attrlabl><attalias Sync="TRUE">METHOD_DES</attalias><attrtype Sync="TRUE">String</attrtype><attwidth Sync="TRUE">60</attwidth><atprecis Sync="TRUE">0</atprecis><attscale Sync="TRUE">0</attscale></attr><attr><attrlabl Sync="TRUE">METHOD_D_1</attrlabl><attalias Sync="TRUE">METHOD_D_1</attalias><attrtype Sync="TRUE">String</attrtype><attwidth Sync="TRUE">60</attwidth><atprecis Sync="TRUE">0</atprecis><attscale Sync="TRUE">0</attscale></attr><attr><attrlabl Sync="TRUE">LABORATORY</attrlabl><attalias Sync="TRUE">LABORATORY</attalias><attrtype Sync="TRUE">String</attrtype><attwidth Sync="TRUE">20</attwidth><atprecis Sync="TRUE">0</atprecis><attscale Sync="TRUE">0</attscale></attr><attr><attrlabl Sync="TRUE">ORDER_ID</attrlabl><attalias Sync="TRUE">ORDER_ID</attalias><attrtype Sync="TRUE">String</attrtype><attwidth Sync="TRUE">10</attwidth><atprecis Sync="TRUE">0</atprecis><attscale Sync="TRUE">0</attscale></attr><attr><attrlabl Sync="TRUE">ANALYSIS_I</attrlabl><attalias Sync="TRUE">ANALYSIS_I</attalias><attrtype Sync="TRUE">String</attrtype><attwidth Sync="TRUE">20</attwidth><atprecis Sync="TRUE">0</atprecis><attscale Sync="TRUE">0</attscale></attr><attr><attrlabl Sync="TRUE">REPORT_DAT</attrlabl><attalias Sync="TRUE">REPORT_DAT</attalias><attrtype Sync="TRUE">Date</attrtype><attwidth Sync="TRUE">8</attwidth><atprecis Sync="TRUE">0</atprecis><attscale Sync="TRUE">0</attscale></attr><attr><attrlabl Sync="TRUE">ORGANISATI</attrlabl><attalias Sync="TRUE">ORGANISATI</attalias><attrtype Sync="TRUE">String</attrtype><attwidth Sync="TRUE">50</attwidth><atprecis Sync="TRUE">0</atprecis><attscale Sync="TRUE">0</attscale></attr><attr><attrlabl Sync="TRUE">NORTHING</attrlabl><attalias Sync="TRUE">NORTHING</attalias><attrtype Sync="TRUE">Double</attrtype><attwidth Sync="TRUE">19</attwidth><atprecis Sync="TRUE">0</atprecis><attscale Sync="TRUE">0</attscale></attr><attr><attrlabl Sync="TRUE">EASTING</attrlabl><attalias Sync="TRUE">EASTING</attalias><attrtype Sync="TRUE">Double</attrtype><attwidth Sync="TRUE">19</attwidth><atprecis Sync="TRUE">0</atprecis><attscale Sync="TRUE">0</attscale></attr><attr><attrlabl Sync="TRUE">ID</attrlabl><attalias Sync="TRUE">ID</attalias><attrtype Sync="TRUE">String</attrtype><attwidth Sync="TRUE">20</attwidth><atprecis Sync="TRUE">0</atprecis><attscale Sync="TRUE">0</attscale></attr><attr><attrlabl Sync="TRUE">Name</attrlabl><attalias Sync="TRUE">Name</attalias><attrtype Sync="TRUE">String</attrtype><attwidth Sync="TRUE">50</attwidth><atprecis Sync="TRUE">0</atprecis><attscale Sync="TRUE">0</attscale></attr><attr><attrlabl Sync="TRUE">Alternativ</attrlabl><attalias Sync="TRUE">Alternativ</attalias><attrtype Sync="TRUE">String</attrtype><attwidth Sync="TRUE">120</attwidth><atprecis Sync="TRUE">0</atprecis><attscale Sync="TRUE">0</attscale></attr><attr><attrlabl Sync="TRUE">Easting_EU</attrlabl><attalias Sync="TRUE">Easting_EU</attalias><attrtype Sync="TRUE">Double</attrtype><attwidth Sync="TRUE">19</attwidth><atprecis Sync="TRUE">0</atprecis><attscale Sync="TRUE">0</attscale></attr><attr><attrlabl Sync="TRUE">Northing_E</attrlabl><attalias Sync="TRUE">Northing_E</attalias><attrtype Sync="TRUE">Double</attrtype><attwidth Sync="TRUE">19</attwidth><atprecis Sync="TRUE">0</atprecis><attscale Sync="TRUE">0</attscale></attr><attr><attrlabl Sync="TRUE">Easting_YK</attrlabl><attalias Sync="TRUE">Easting_YK</attalias><attrtype Sync="TRUE">Double</attrtype><attwidth Sync="TRUE">19</attwidth><atprecis Sync="TRUE">0</atprecis><attscale Sync="TRUE">0</attscale></attr><attr><attrlabl Sync="TRUE">Northing_Y</attrlabl><attalias Sync="TRUE">Northing_Y</attalias><attrtype Sync="TRUE">Double</attrtype><attwidth Sync="TRUE">19</attwidth><atprecis Sync="TRUE">0</atprecis><attscale Sync="TRUE">0</attscale></attr><attr><attrlabl Sync="TRUE">Commodity</attrlabl><attalias Sync="TRUE">Commodity</attalias><attrtype Sync="TRUE">String</attrtype><attwidth Sync="TRUE">50</attwidth><atprecis Sync="TRUE">0</atprecis><attscale Sync="TRUE">0</attscale></attr><attr><attrlabl Sync="TRUE">Size_by_co</attrlabl><attalias Sync="TRUE">Size_by_co</attalias><attrtype Sync="TRUE">String</attrtype><attwidth Sync="TRUE">30</attwidth><atprecis Sync="TRUE">0</atprecis><attscale Sync="TRUE">0</attscale></attr><attr><attrlabl Sync="TRUE">All_main_c</attrlabl><attalias Sync="TRUE">All_main_c</attalias><attrtype Sync="TRUE">String</attrtype><attwidth Sync="TRUE">50</attwidth><atprecis Sync="TRUE">0</atprecis><attscale Sync="TRUE">0</attscale></attr><attr><attrlabl Sync="TRUE">Other_comm</attrlabl><attalias Sync="TRUE">Other_comm</attalias><attrtype Sync="TRUE">String</attrtype><attwidth Sync="TRUE">50</attwidth><atprecis Sync="TRUE">0</atprecis><attscale Sync="TRUE">0</attscale></attr><attr><attrlabl Sync="TRUE">Ocurrence_</attrlabl><attalias Sync="TRUE">Ocurrence_</attalias><attrtype Sync="TRUE">String</attrtype><attwidth Sync="TRUE">30</attwidth><atprecis Sync="TRUE">0</atprecis><attscale Sync="TRUE">0</attscale></attr><attr><attrlabl Sync="TRUE">Mine_statu</attrlabl><attalias Sync="TRUE">Mine_statu</attalias><attrtype Sync="TRUE">String</attrtype><attwidth Sync="TRUE">50</attwidth><atprecis Sync="TRUE">0</atprecis><attscale Sync="TRUE">0</attscale></attr><attr><attrlabl Sync="TRUE">Discovery_</attrlabl><attalias Sync="TRUE">Discovery_</attalias><attrtype Sync="TRUE">Integer</attrtype><attwidth Sync="TRUE">10</attwidth><atprecis Sync="TRUE">10</atprecis><attscale Sync="TRUE">0</attscale></attr><attr><attrlabl Sync="TRUE">Commodity_</attrlabl><attalias Sync="TRUE">Commodity_</attalias><attrtype Sync="TRUE">String</attrtype><attwidth Sync="TRUE">150</attwidth><atprecis Sync="TRUE">0</atprecis><attscale Sync="TRUE">0</attscale></attr><attr><attrlabl Sync="TRUE">Resources_</attrlabl><attalias Sync="TRUE">Resources_</attalias><attrtype Sync="TRUE">String</attrtype><attwidth Sync="TRUE">150</attwidth><atprecis Sync="TRUE">0</atprecis><attscale Sync="TRUE">0</attscale></attr><attr><attrlabl Sync="TRUE">Reserves_t</attrlabl><attalias Sync="TRUE">Reserves_t</attalias><attrtype Sync="TRUE">String</attrtype><attwidth Sync="TRUE">100</attwidth><atprecis Sync="TRUE">0</atprecis><attscale Sync="TRUE">0</attscale></attr><attr><attrlabl Sync="TRUE">Calc_metho</attrlabl><attalias Sync="TRUE">Calc_metho</attalias><attrtype Sync="TRUE">String</attrtype><attwidth Sync="TRUE">50</attwidth><atprecis Sync="TRUE">0</atprecis><attscale Sync="TRUE">0</attscale></attr><attr><attrlabl Sync="TRUE">Calc_year</attrlabl><attalias Sync="TRUE">Calc_year</attalias><attrtype Sync="TRUE">String</attrtype><attwidth Sync="TRUE">10</attwidth><atprecis Sync="TRUE">0</atprecis><attscale Sync="TRUE">0</attscale></attr><attr><attrlabl Sync="TRUE">Current_ho</attrlabl><attalias Sync="TRUE">Current_ho</attalias><attrtype Sync="TRUE">String</attrtype><attwidth Sync="TRUE">60</attwidth><atprecis Sync="TRUE">0</atprecis><attscale Sync="TRUE">0</attscale></attr><attr><attrlabl Sync="TRUE">Province</attrlabl><attalias Sync="TRUE">Province</attalias><attrtype Sync="TRUE">String</attrtype><attwidth Sync="TRUE">50</attwidth><atprecis Sync="TRUE">0</atprecis><attscale Sync="TRUE">0</attscale></attr><attr><attrlabl Sync="TRUE">District</attrlabl><attalias Sync="TRUE">District</attalias><attrtype Sync="TRUE">String</attrtype><attwidth Sync="TRUE">50</attwidth><atprecis Sync="TRUE">0</atprecis><attscale Sync="TRUE">0</attscale></attr><attr><attrlabl Sync="TRUE">Deposit_ty</attrlabl><attalias Sync="TRUE">Deposit_ty</attalias><attrtype Sync="TRUE">String</attrtype><attwidth Sync="TRUE">100</attwidth><atprecis Sync="TRUE">0</atprecis><attscale Sync="TRUE">0</attscale></attr><attr><attrlabl Sync="TRUE">Host_rocks</attrlabl><attalias Sync="TRUE">Host_rocks</attalias><attrtype Sync="TRUE">String</attrtype><attwidth Sync="TRUE">200</attwidth><atprecis Sync="TRUE">0</atprecis><attscale Sync="TRUE">0</attscale></attr><attr><attrlabl Sync="TRUE">Wall_rocks</attrlabl><attalias Sync="TRUE">Wall_rocks</attalias><attrtype Sync="TRUE">String</attrtype><attwidth Sync="TRUE">200</attwidth><atprecis Sync="TRUE">0</atprecis><attscale Sync="TRUE">0</attscale></attr><attr><attrlabl Sync="TRUE">Deposit_sh</attrlabl><attalias Sync="TRUE">Deposit_sh</attalias><attrtype Sync="TRUE">String</attrtype><attwidth Sync="TRUE">50</attwidth><atprecis Sync="TRUE">0</atprecis><attscale Sync="TRUE">0</attscale></attr><attr><attrlabl Sync="TRUE">Dip_azim</attrlabl><attalias Sync="TRUE">Dip_azim</attalias><attrtype Sync="TRUE">Integer</attrtype><attwidth Sync="TRUE">10</attwidth><atprecis Sync="TRUE">10</atprecis><attscale Sync="TRUE">0</attscale></attr><attr><attrlabl Sync="TRUE">Dip</attrlabl><attalias Sync="TRUE">Dip</attalias><attrtype Sync="TRUE">Integer</attrtype><attwidth Sync="TRUE">10</attwidth><atprecis Sync="TRUE">10</atprecis><attscale Sync="TRUE">0</attscale></attr><attr><attrlabl Sync="TRUE">Plunge_azi</attrlabl><attalias Sync="TRUE">Plunge_azi</attalias><attrtype Sync="TRUE">Integer</attrtype><attwidth Sync="TRUE">10</attwidth><atprecis Sync="TRUE">10</atprecis><attscale Sync="TRUE">0</attscale></attr><attr><attrlabl Sync="TRUE">Plunge_dip</attrlabl><attalias Sync="TRUE">Plunge_dip</attalias><attrtype Sync="TRUE">Integer</attrtype><attwidth Sync="TRUE">10</attwidth><atprecis Sync="TRUE">10</atprecis><attscale Sync="TRUE">0</attscale></attr><attr><attrlabl Sync="TRUE">Length_m</attrlabl><attalias Sync="TRUE">Length_m</attalias><attrtype Sync="TRUE">Integer</attrtype><attwidth Sync="TRUE">10</attwidth><atprecis Sync="TRUE">10</atprecis><attscale Sync="TRUE">0</attscale></attr><attr><attrlabl Sync="TRUE">Width_m</attrlabl><attalias Sync="TRUE">Width_m</attalias><attrtype Sync="TRUE">Integer</attrtype><attwidth Sync="TRUE">10</attwidth><atprecis Sync="TRUE">10</atprecis><attscale Sync="TRUE">0</attscale></attr><attr><attrlabl Sync="TRUE">Thickness_</attrlabl><attalias Sync="TRUE">Thickness_</attalias><attrtype Sync="TRUE">Integer</attrtype><attwidth Sync="TRUE">10</attwidth><atprecis Sync="TRUE">10</atprecis><attscale Sync="TRUE">0</attscale></attr><attr><attrlabl Sync="TRUE">Depth_m</attrlabl><attalias Sync="TRUE">Depth_m</attalias><attrtype Sync="TRUE">Integer</attrtype><attwidth Sync="TRUE">10</attwidth><atprecis Sync="TRUE">10</atprecis><attscale Sync="TRUE">0</attscale></attr><attr><attrlabl Sync="TRUE">Date_updat</attrlabl><attalias Sync="TRUE">Date_updat</attalias><attrtype Sync="TRUE">Date</attrtype><attwidth Sync="TRUE">8</attwidth><atprecis Sync="TRUE">0</atprecis><attscale Sync="TRUE">0</attscale></attr></detailed></eainfo><mdDateSt Sync="TRUE">20200522</mdDateSt></metadata>
