<?xml version="1.0" encoding="UTF-8"?>
<metadata xml:lang="en"><Esri><CreaDate>20200523</CreaDate><CreaTime>09262100</CreaTime><ArcGISFormat>1.0</ArcGISFormat><SyncOnce>TRUE</SyncOnce><DataProperties><lineage><Process ToolSource="c:\program files (x86)\arcgis\desktop10.5\ArcToolbox\Toolboxes\Conversion Tools.tbx\PolygonToRaster" Date="20200523" Time="001539">PolygonToRaster lith_rec_merg1 SImplfd_Cl B:\WofElugin\tst_dt\Lith.tif CELL_CENTER NONE 1000</Process></lineage><itemProps><itemLocation><linkage Sync="TRUE">file://\\DESKTOP-UHSH90T\B$\WofElugin\May2020\Sample_data\Lith.tif</linkage><protocol Sync="TRUE">Local Area Network</protocol></itemLocation></itemProps><copyHistory><copy source="B:\WofElugin\tst_dt\Lith.tif" dest="\\DESKTOP-UHSH90T\B$\WofElugin\May2020\Sample_data\Lith.tif" date="20200523" time="09262100"></copy></copyHistory></DataProperties></Esri></metadata>
