<?xml version="1.0" encoding="UTF-8"?>
<metadata xml:lang="en"><Esri><CreaDate>20200523</CreaDate><CreaTime>09262100</CreaTime><ArcGISFormat>1.0</ArcGISFormat><SyncOnce>TRUE</SyncOnce><DataProperties><lineage><Process ToolSource="c:\program files (x86)\arcgis\desktop10.5\ArcToolbox\Toolboxes\Spatial Analyst Tools.tbx\Reclassify" Date="20200523" Time="001834">Reclassify Distance_worms.tif VALUE "0 917.971904 1;917.971904 3757.541699 2;3757.541699 6597.111495 3;6597.111495 9436.681291 4;9436.681291 12276.251087 5;12276.251087 15115.820883 6;15115.820883 17955.390678 7;17955.390678 20794.960474 8;20794.960474 23634.530270 9;23634.530270 26474.100066 10;26474.100066 61131.007813 11" B:\WofElugin\tst_dt\Distance_worms_Rcls.tif DATA</Process></lineage><itemProps><itemLocation><linkage Sync="TRUE">file://\\DESKTOP-UHSH90T\B$\WofElugin\May2020\Sample_data\Distance_worms_Rcls.tif</linkage><protocol Sync="TRUE">Local Area Network</protocol></itemLocation></itemProps><copyHistory><copy source="B:\WofElugin\tst_dt\Distance_worms_Rcls.tif" dest="\\DESKTOP-UHSH90T\B$\WofElugin\May2020\Sample_data\Distance_worms_Rcls.tif" date="20200523" time="09262100"></copy></copyHistory></DataProperties></Esri></metadata>
