<?xml version="1.0" encoding="UTF-8"?>
<metadata xml:lang="en"><Esri><CreaDate>20200523</CreaDate><CreaTime>09262100</CreaTime><ArcGISFormat>1.0</ArcGISFormat><SyncOnce>TRUE</SyncOnce><DataProperties><lineage><Process ToolSource="c:\program files (x86)\arcgis\desktop10.5\ArcToolbox\Toolboxes\Spatial Analyst Tools.tbx\Reclassify" Date="20200523" Time="002350">Reclassify Density_till.tif VALUE "0 0.022975 1;0.022975 0.078600 2;0.078600 0.143899 3;0.143899 0.200733 4;0.200733 0.308355 5" B:\WofElugin\tst_dt\Density_till_Rcls.tif DATA</Process></lineage><itemProps><itemLocation><linkage Sync="TRUE">file://\\DESKTOP-UHSH90T\B$\WofElugin\May2020\Sample_data\Density_till_Rcls.tif</linkage><protocol Sync="TRUE">Local Area Network</protocol></itemLocation></itemProps><copyHistory><copy source="B:\WofElugin\tst_dt\Density_till_Rcls.tif" dest="\\DESKTOP-UHSH90T\B$\WofElugin\May2020\Sample_data\Density_till_Rcls.tif" date="20200523" time="09262100"></copy></copyHistory></DataProperties></Esri></metadata>
