<?xml version="1.0" encoding="UTF-8"?>
<metadata xml:lang="en"><Esri><CreaDate>20200523</CreaDate><CreaTime>11250100</CreaTime><ArcGISFormat>1.0</ArcGISFormat><SyncOnce>TRUE</SyncOnce><DataProperties><itemProps><itemLocation><linkage Sync="TRUE">file://\\DESKTOP-UHSH90T\B$\WofElugin\May2020\Results\Lith_clip.tif</linkage><protocol Sync="TRUE">Local Area Network</protocol></itemLocation></itemProps><copyHistory><copy source="B:\WofElugin\tst_dt\t1\Lith_clip.tif" dest="\\DESKTOP-UHSH90T\B$\WofElugin\May2020\Results\Lith_clip.tif" date="20200523" time="11250100"></copy></copyHistory></DataProperties></Esri></metadata>
